Applicant Name,Email,Phone,Domain Applied,University,Application Date,Status
Briana Murray,briana.murray948@example.com,03407482175,Digital Marketing,Karachi University,2025-10-16,Selected
Stephanie Martin,stephanie.martin371@example.com,03647468723,Data Science,FAST-NUCES,2025-07-16,Under Review
Charles Schmidt,charles.schmidt195@example.com,03222196937,Mobile App Development,NEDUET,2026-02-08,Under Review
Audrey Young Dds,audrey.young.dds291@example.com,03586926179,Digital Marketing,Institute of Business Administration,2025-12-05,Under Review
Thomas Bradley,thomas.bradley100@example.com,03376724238,Mobile App Development,DHA Suffa University,2026-04-04,Under Review
Trevor Johnson,trevor.johnson318@example.com,03773515850,Data Science,Karachi University,2025-11-28,Under Review
Matthew Cunningham,matthew.cunningham542@example.com,03435346247,Mobile App Development,NED University of Engineering and Technology,2025-11-08,Rejected
Scott Pierce,notprovided@gmail.com,03801326773,Digital Marketing,UoK,2025-08-03,Rejected
George Orozco,george.orozco820@example.com,03236231665,Web Development,University of Karachi,2025-08-14,Under Review
Juan Cooper,juan.cooper470@example.com,03855744431,Digital Marketing,FAST NUCES,2026-07-15,Rejected
Jennifer Bass,jennifer.bass647@example.com,03369957773,Web Development,University of Karachi,2025-11-04,Under Review
Alex Hernandez,alex.hernandez434@example.com,03193745299,Digital Marketing,Szabist,2025-08-31,Under Review
Dr. Elizabeth Ward,dr..elizabeth.ward379@example.com,03824008427,Mobile App Development,National University of Computer and Emerging Sciences,2025-11-03,Rejected
Tiffany Barnes,tiffany.barnes256@example.com,03893734670,Web Development,Iqra University,2026-04-15,Under Review
Patricia Peterson,patricia.peterson47@example.com,03270482814,Data Science,IBA Karachi,2025-10-31,Under Review
Brett Schultz,brett.schultz354@example.com,03724005045,Mobile App Development,Bahria University,2026-05-31,Selected
Wendy Phillips,wendy.phillips520@example.com,03640909743,Mobile App Development,Bahria University,2026-08-07,Selected
Shannon James,shannon.james986@example.com,03780913431,Mobile App Development,NEDUET,2025-11-08,Rejected
Michael Lyons,michael.lyons453@example.com,03887719065,Digital Marketing,Bahria University,2026-06-26,Under Review
Roberta Hughes,roberta.hughes991@example.com,03270289517,Mobile App Development,Not specified,2026-03-15,Rejected
Michael Roberts,michael.roberts921@example.com,03807154516,Web Development,DHA Suffa University,2026-06-26,Rejected
Ashley Brennan,ashley.brennan970@example.com,03337543303,Digital Marketing,National University of Computer and Emerging Sciences,2026-05-26,Rejected
Sherry Decker,sherry.decker364@example.com,03039117182,Data Science,UoK,2025-11-05,Rejected
Kristina Rodriguez,kristina.rodriguez115@example.com,03280598262,Mobile App Development,IBA Karachi,2026-06-26,Under Review
Thomas Smith,thomas.smith340@example.com,03217459615,Web Development,Not specified,2025-06-09,Under Review
Christopher Hensley,christopher.hensley56@example.com,03348734714,Web Development,NEDUET,2025-12-27,Rejected
Allison Hill,allison.hill655@example.com,03181960013,Web Development,NED University of Engineering and Technology,2025-05-10,Under Review
Kristina Herman,kristina.herman692@example.com,03174612004,Data Science,Szabist,2025-10-05,Rejected
Angela Lopez,angela.lopez611@example.com,03361939909,Web Development,Sir Syed University of Engineering and Technology,2026-02-18,Rejected
Christina Dunn,christina.dunn159@example.com,03771093248,Data Science,National University of Computer and Emerging Sciences,2026-06-20,Selected
Christine Gallegos,christine.gallegos590@example.com,03933529042,Data Science,Not specified,2026-02-03,Selected
Michael Harrison,michael.harrison258@example.com,03447134936,Web Development,NED Uni,2025-07-27,Under Review
Sydney White,sydney.white152@example.com,03717565512,UI/UX Design,FAST-NUCES,2026-02-15,Selected
Paul Jones,paul.jones769@example.com,03911838425,Mobile App Development,Institute of Business Administration,2025-12-30,Selected
Emily Newton,emily.newton519@example.com,03233749894,Mobile App Development,FAST-NUCES,2026-06-29,Under Review
Adam Mitchell,adam.mitchell310@example.com,03520471167,Digital Marketing,NED University of Engineering and Technology,2026-07-01,Rejected
Debra Morton,debra.morton414@example.com,03776945314,Web Development,University of Karachi,2026-01-28,Rejected
Sharon James,sharon.james285@example.com,03525534192,Web Development,National University of Computer and Emerging Sciences,2025-12-28,Selected
John Pierce,john.pierce176@example.com,03963834657,Digital Marketing,University of Karachi,2025-10-21,Selected
Phillip Bennett,phillip.bennett25@example.com,03339636057,Data Science,Sir Syed University of Engineering and Technology,2026-06-22,Selected
Steve Newton,steve.newton520@example.com,03493534874,Web Development,IBA Karachi,2025-09-10,Under Review
Brittany Williams,brittany.williams220@example.com,03917693676,Digital Marketing,FAST-NUCES,2026-07-11,Under Review
Dana Marshall,dana.marshall430@example.com,03650752735,Digital Marketing,Institute of Business Administration,2026-02-24,Under Review
Lance Hoffman,lance.hoffman143@example.com,03863794026,Web Development,NED Uni,2026-04-04,Under Review
Matthew Smith,matthew.smith827@example.com,03163287083,UI/UX Design,Karachi University,2026-04-16,Under Review
Elizabeth Hayden Dds,elizabeth.hayden.dds972@example.com,03436713695,Mobile App Development,Institute of Business Administration,2025-12-30,Rejected
Veronica Sanchez,veronica.sanchez807@example.com,03639821465,Web Development,Sir Syed University of Engineering and Technology,2026-02-02,Selected
Samantha Smith,samantha.smith683@example.com,03760385977,Web Development,DHA Suffa University,2026-05-30,Rejected
Gina Beard,gina.beard734@example.com,03480831367,Mobile App Development,University of Karachi,2026-03-29,Selected
Danny Hernandez,danny.hernandez4@example.com,03210249947,Mobile App Development,FAST-NUCES,2025-10-21,Under Review
Nicole Patterson,nicole.patterson471@example.com,03532871012,Digital Marketing,FAST NUCES,2026-02-14,Under Review
Sandra King,sandra.king389@example.com,03080531003,Web Development,Sir Syed University of Engineering and Technology,2025-08-14,Selected
Michelle Strickland,michelle.strickland223@example.com,03419049663,Web Development,NEDUET,2025-09-13,Under Review
Allison Perez,allison.perez968@example.com,03990490278,Data Science,NEDUET,2026-03-19,Rejected
Barbara Anderson,barbara.anderson442@example.com,03889579868,Mobile App Development,Bahria University,2026-01-02,Selected
Sherry Wood,sherry.wood162@example.com,03849808412,UI/UX Design,NED University of Engineering and Technology,2025-11-09,Rejected
Matthew Smith,matthew.smith872@example.com,03716572628,Data Science,NED Uni,2025-12-16,Rejected
Joshua Gibson,joshua.gibson805@example.com,03496513709,Digital Marketing,Institute of Business Administration,2026-03-19,Selected
Taylor Heath,taylor.heath842@example.com,03347382997,Web Development,Institute of Business Administration,2025-08-10,Selected
Edward Burgess,edward.burgess963@example.com,03285884247,UI/UX Design,National University of Computer and Emerging Sciences,2025-09-18,Selected
Rebecca Rodriguez,rebecca.rodriguez406@example.com,03872624731,UI/UX Design,FAST-NUCES,2025-09-24,Under Review
Donald Jones,donald.jones434@example.com,03586850142,Data Science,Karachi University,2026-04-25,Selected
Wayne Riley,wayne.riley882@example.com,03500978820,Web Development,FAST-NUCES,2026-01-30,Rejected
Heather Fields,heather.fields303@example.com,03210470952,Digital Marketing,FAST-NUCES,2026-02-28,Selected
Sarah Davis,sarah.davis781@example.com,03400524278,Data Science,NED University of Engineering and Technology,2025-12-18,Selected
Valerie Gray,valerie.gray734@example.com,03959310341,Digital Marketing,Bahria University,2026-02-03,Selected
Danielle Ford,danielle.ford160@example.com,03835030564,Data Science,Institute of Business Administration,2025-10-22,Under Review
Rebecca Henderson,rebecca.henderson301@example.com,03697848018,Digital Marketing,DHA Suffa University,2025-08-08,Rejected
Tammy Young,tammy.young836@example.com,03260256342,Web Development,FAST-NUCES,2025-09-13,Rejected
Jeffrey Camacho,jeffrey.camacho498@example.com,03465375564,UI/UX Design,Karachi University,2025-09-20,Under Review
Jason Walker,jason.walker184@example.com,03171274846,Mobile App Development,Bahria University,2026-05-19,Selected
Christopher Bernard,christopher.bernard96@example.com,03161559407,Data Science,Not specified,2025-11-16,Rejected
Annette Farmer,annette.farmer735@example.com,03412328120,Mobile App Development,Karachi University,2026-01-03,Rejected
Katie Gonzalez,katie.gonzalez390@example.com,03288095701,Mobile App Development,Iqra University,2025-11-29,Under Review
Michael Smith,michael.smith231@example.com,03835615951,Web Development,Institute of Business Administration,2026-06-19,Rejected
Cynthia Alvarez,cynthia.alvarez688@example.com,03701436349,Mobile App Development,Iqra University,2026-02-04,Under Review
Rebecca Moyer,rebecca.moyer73@example.com,03148951343,Digital Marketing,University of Karachi,2026-11-04,Rejected
Michael Yates,michael.yates554@example.com,03729806990,Web Development,NED Uni,2026-04-07,Under Review
Jacob Fitzpatrick,jacob.fitzpatrick900@example.com,03053315869,Digital Marketing,NED Uni,2026-07-06,Rejected
Jennifer Clark,jennifer.clark460@example.com,03909670546,Data Science,Bahria University,2025-12-16,Selected
Michael Burton,michael.burton599@example.com,03491905865,UI/UX Design,National University of Computer and Emerging Sciences,2025-08-22,Under Review
Elizabeth Parker,elizabeth.parker236@example.com,03648236629,Digital Marketing,University of Karachi,2025-12-12,Under Review
